id,name,formula
2,DF_Robot_DO_Sensor,x * 13453.83275261-194.65505226*np.floor(CH0) / ( (CH0 - var4) * (var1 - var2) / (var3 - var4) + var2 )
3,DF_Robot_EC_Sensor (12.88ms/cm),1000.0*x*820.0*200.0*12.88*(1.0+0.0185*(CH0-25.0)) / (820.0*200.0*1000.0*var1)
4,DF_Robot_EC_Sensor (1.314ms/cm),1000.0*x*820.0*200.0*1.314*(1.0+0.0185*(CH0-25.0)) / (820.0*200.0*1000.0*var1)
5,Temperature_LM35,x/10 + var1
6,Salinity,0.008 -0.1692*(1000*x/820/200 * ( 820*200*( 12.8*(1+0.0185*(21.9-25)) )/1000/var1)  ) / (1+0.0185*(CH0-25))**(1/2) +25.3851*(1000*x/820/200 * ( 820*200*( 12.8*(1+0.0185*(21.9-25)) )/1000/var1)  ) / (1+0.0185*(CH0-25))**1 +14.0941*(1000*x/820/200 * ( 820*200*( 12.8*(1+0.0185*(21.9-25)) )/1000/var1)  ) / (1+0.0185*(CH0-25))**(3/2) -7.0281*(1000*x/820/200 * ( 820*200*( 12.8*(1+0.0185*(21.9-25)) )/1000/var1)  ) / (1+0.0185*(CH0-25))**2 +2.7081*(1000*x/820/200 * ( 820*200*( 12.8*(1+0.0185*(21.9-25)) )/1000/var1)  ) / (1+0.0185*(CH0-25))**(5/2) +((CH0-15)/(1+0.0162*(CH0-15)))*(0.0005-0.0056*(1000*x/820/200 * ( 820*200*( 12.8*(1+0.0185*(21.9-25)) )/1000/var1)  ) / (1+0.0185*(CH0-25))**(1/2) -0.006*(1000*x/820/200 * ( 820*200*( 12.8*(1+0.0185*(21.9-25)) )/1000/var1)  ) / (1+0.0185*(CH0-25))**2 -0.0375*(1000*x/820/200 * ( 820*200*( 12.8*(1+0.0185*(21.9-25)) )/1000/var1)  ) / (1+0.0185*(CH0-25))**(3/2) +0.0636*(1000*x/820/200 * ( 820*200*( 12.8*(1+0.0185*(21.9-25)) )/1000/var1)  ) / (1+0.0185*(CH0-25))**2-0.0144*(1000*x/820/200 * ( 820*200*( 12.8*(1+0.0185*(21.9-25)) )/1000/var1)  ) / (1+0.0185*(CH0-25))**(5/2) )
1,DF_Robot_PH_Sensor,(7.0-4.0) / ( ( var1 - var2 ) / 3.0 ) * (x-1500)/3.0 + 7.0 - (7.0-4.0) / (( var1 - var2 ) /3.0)*(var1 -1500)/3.0
